{
    "test": {
        "f1": 0.8434757547553196
    },
    "train": {
        "f1": 0.9996933904911527
    }
}
