{
    "test": {
        "f1": 0.8077737699356938
    },
    "train": {
        "f1": 0.9834450496850363
    }
}
