{
    "train": {
        "f1": 0.9488661321218829
    },
    "test": {
        "f1": 0.8043143622613167
    }
}
