{
    "train": {
        "f1": 0.9488701698791554
    },
    "test": {
        "f1": 0.8049338958845698
    }
}
