{
    "test": {
        "f1": 0.760591456607444
    },
    "train": {
        "f1": 0.890686455977568
    }
}
