{
    "roc": [
        {
            "fpr": 0.0,
            "tpr": 0.0,
            "threshold": Infinity
        },
        {
            "fpr": 0.23575757575757575,
            "tpr": 0.7566343042071197,
            "threshold": 1.0
        },
        {
            "fpr": 1.0,
            "tpr": 1.0,
            "threshold": 0.0
        }
    ]
}
