{
    "roc": [
        {
            "fpr": 0.0,
            "tpr": 0.0,
            "threshold": Infinity
        },
        {
            "fpr": 0.14666666666666667,
            "tpr": 0.8330097087378641,
            "threshold": 1.0
        },
        {
            "fpr": 1.0,
            "tpr": 1.0,
            "threshold": 0.0
        }
    ]
}
