{
    "roc": [
        {
            "fpr": 0.0,
            "tpr": 0.0,
            "threshold": Infinity
        },
        {
            "fpr": 0.14181818181818182,
            "tpr": 0.7553398058252427,
            "threshold": 1.0
        },
        {
            "fpr": 1.0,
            "tpr": 1.0,
            "threshold": 0.0
        }
    ]
}
